{"stats":{"minecraft:used":{"minecraft:oak_boat":1},"minecraft:custom":{"minecraft:jump":48,"minecraft:time_since_rest":11203,"minecraft:leave_game":1,"minecraft:damage_dealt":46,"minecraft:crouch_one_cm":25,"minecraft:walk_on_water_one_cm":119,"minecraft:sprint_one_cm":7976,"minecraft:play_time":11203,"minecraft:time_since_death":11203,"minecraft:walk_one_cm":2558,"minecraft:sneak_time":3,"minecraft:total_world_time":11203,"minecraft:boat_one_cm":26055,"minecraft:fly_one_cm":85610}},"DataVersion":3465}