{"stats":{"minecraft:custom":{"minecraft:jump":48,"minecraft:time_since_rest":11828,"minecraft:damage_dealt":46,"minecraft:crouch_one_cm":25,"minecraft:leave_game":2,"minecraft:play_time":11828,"minecraft:sprint_one_cm":7976,"minecraft:time_since_death":11828,"minecraft:walk_on_water_one_cm":202,"minecraft:walk_one_cm":2558,"minecraft:sneak_time":18,"minecraft:total_world_time":11828,"minecraft:walk_under_water_one_cm":1135,"minecraft:boat_one_cm":26055,"minecraft:fly_one_cm":106567},"minecraft:used":{"minecraft:oak_boat":1}},"DataVersion":3465}