{
  "minecraft:recipes/decorations/crafting_table": {
    "criteria": {
      "unlock_right_away": "2024-05-11 18:20:03 +0000"
    },
    "done": true
  },
  "minecraft:adventure/adventuring_time": {
    "criteria": {
      "minecraft:birch_forest": "2024-05-11 18:22:18 +0000",
      "minecraft:grove": "2024-05-11 18:20:53 +0000",
      "minecraft:forest": "2024-05-11 18:20:05 +0000",
      "minecraft:old_growth_birch_forest": "2024-05-11 18:20:39 +0000"
    },
    "done": false
  },
  "DataVersion": 3465
}